conversation_id,created_at,date,place,tweet,language,hashtags,cashtags,username,nlikes,nreplies,nretweets,reply_to,clean_tweet,lemma_tweet
1320883858636787718,1603758227000.0,2020-10-26 21:23:47,,"Hoy se nos fue una compa√±era contagiada de covid hacia Santiago. Luchamos, luchamos y luchamos por ella y no saben lo frustrante que es, el que solo nos quede reunirnos alrededor de esta vela y mandarle nuestras mejores energ√≠as y fuerzas.  Vas a volver sana y salva Marce! üíïüôåüèª  https://t.co/C48r3OrOkn",es,[],[],ccaattittaa,4,1,0,"{'user_id': None, 'username': None}","['hoy', 'compa√±era', 'contagiada', 'covid', 'hacia', 'santiago', 'luchamos', 'luchamos', 'luchamos', 'saben', 'frustrante', 'solo', 'quede', 'reunirnos', 'alrededor', 'vela', 'mandarle', 'mejores', 'energ√≠as', 'fuerzas', 'vas', 'volver', 'sana', 'salva', 'marce']","['hoy', 'compa√±era', 'contagiado', 'covir', 'hacia', 'santiago', 'luchar', 'luchar', 'luchar', 'saben', 'frustrante', 'solo', 'quedar', 'reunirnos', 'alrededor', 'vela', 'mandarle', 'mejores', 'energ√≠a', 'fuerza', 'vas', 'volver', 'sana', 'salva', 'marcir']"
1320562390552006657,1603681583000.0,2020-10-26 00:06:23,,Y ma√±ana se van a llenar la boca con el ‚ÄúCovid -19‚Äù y hay como 50 viejos en una sala diminuta.,es,[],[],ccaattittaa,1,0,0,"{'user_id': None, 'username': None}","['ma√±ana', 'van', 'llenar', 'boca', 'covid', '19', '50', 'viejos', 'sala', 'diminuta']","['ma√±ana', 'van', 'llenar', 'boca', 'covir', '19', '50', 'viejo', 'sala', 'diminuta']"
1319832950213574656,1603507671000.0,2020-10-23 23:47:51,,"Video. Hoy viernes al mediod√≠a se realiz√≥ la novena aeroevacuaci√≥n desde el Hospital Augusto Essmann hacia la regi√≥n metropolitana, en este caso de una paciente Covid-19 en estado grave, de 68 a√±os de edad. #Natales  https://t.co/xEMe3ZcW4g  https://t.co/KUWjfpFDKo",es,['natales'],[],tirapiedras2020,0,0,0,"{'user_id': None, 'username': None}","['video', 'hoy', 'viernes', 'mediod√≠a', 'realiz√≥', 'novena', 'aeroevacuaci√≥n', 'hospital', 'augusto', 'essmann', 'hacia', 'regi√≥n', 'metropolitana', 'caso', 'paciente', 'covid', '19', 'grave', '68', 'a√±os', 'edad', 'natales']","['video', 'hoy', 'viernes', 'mediod√≠a', 'realizar', 'noveno', 'aeroevacuaci√≥n', 'hospital', 'augusto', 'essmann', 'hacia', 'regi√≥n', 'metropolitana', 'caso', 'paciente', 'covir', '19', 'grave', '68', 'a√±o', 'edad', 'natal']"
1314949405057994752,1602343343000.0,2020-10-10 12:22:23,,Hermosa iniciativa. Ayudemos a nuestros Magallanicos trasladados a Stgo. por Covid-19  #natales #puq #magallanes #chile  https://t.co/FF5d3XouYc,es,"['natales', 'puq', 'magallanes', 'chile']",[],Yomiz,7,0,2,"{'user_id': None, 'username': None}","['hermosa', 'iniciativa', 'ayudemos', 'magallanicos', 'trasladados', 'stgo', 'covid', '19', 'natales', 'puq', 'magallanes', 'chile']","['hermoso', 'iniciativa', 'ayudar', 'magallanicos', 'trasladados', 'stgo', 'covir', '19', 'natal', 'puq', 'magallanes', 'chile']"
1313789908436295680,1602085557000.0,2020-10-07 12:45:57,,"@rafa_cavada @sonarfm @pabloaranzaes Ser√≠a maravilloso si pudieran informar en ‚ÄúChile‚Äù , lo que sucede en Magallanes , tema aparte el covid pero todo al final unido por un hilo salm√≥n ü§¨",es,[],[],AcueOficial,0,0,0,"{'user_id': '310504796', 'username': 'rafa_cavada'}","['_cavada', 'maravilloso', 'si', 'pudieran', 'informar', 'chile', 'sucede', 'magallanes', 'tema', 'aparte', 'covid', 'final', 'unido', 'hilo', 'salm√≥n']","['_', 'maravilloso', 'si', 'pudieran', 'informar', 'chile', 'suceder', 'magallanes', 'tema', 'aparte', 'covir', 'final', 'unido', 'hilo', 'salm√≥n']"
1313502475199090690,1601998368000.0,2020-10-06 12:32:48,,"Estamos en una situaci√≥n muy grave!! Hoy nuevo r√©cord de casos positivos a coronavirus en #Magallanes , las medidas no sirven! #PuntaArenas #PuertoNatales  https://t.co/AUbxsEaPGQ",es,"['magallanes', 'puntaarenas', 'puertonatales']",[],LissetteOjedaG,0,0,0,"{'user_id': None, 'username': None}","['situaci√≥n', 'grave', 'hoy', 'nuevo', 'r√©cord', 'casos', 'positivos', 'coronavirus', 'magallanes', 'medidas', 'sirven', 'puntaarenas', 'puertonatales']","['situaci√≥n', 'grave', 'hoy', 'nuevo', 'r√©cord', 'caso', 'positivo', 'coronavirus', 'magallanes', 'medido', 'sirven', 'puntaarenas', 'puertonatales']"
1311124708885254145,1601462249000.0,2020-09-30 07:37:29,,"@bacigalupe @PolarBearby @pinabertoglia Ac√° la mega industria Salmonera jam√°s se detuvo, fueron los constantes cambios de turno lo que ocasion√≥ este ir y venir del Virus,convirti√©ndolo finalmente en comunitario, hoy los pontones est√°n la mayor√≠a con covid, quien controla eso ??? ü§¨üò°@MMAChile @sernapesca @Armada_Chile",es,[],[],AcueOficial,3,0,2,"{'user_id': '12808192', 'username': 'bacigalupe'}","['ac√°', 'mega', 'industria', 'salmonera', 'jam√°s', 'detuvo', 'constantes', 'cambios', 'turno', 'ocasion√≥', 'ir', 'venir', 'virus', 'convirti√©ndolo', 'finalmente', 'comunitario', 'hoy', 'pontones', 'mayor√≠a', 'covid', 'controla', '_chile']","['ac√°', 'mega', 'industria', 'salmonera', 'jam√°s', 'detener', 'constante', 'cambio', 'turno', 'ocasionar', 'ir', 'venir', 'virus', 'convirti√©ndolo', 'finalmente', 'comunitario', 'hoy', 'pont√≥n', 'mayor√≠a', 'covir', 'controlar', '_']"
1311055305485291520,1601414917000.0,2020-09-29 18:28:37,,Hoy tuvimos nuestro primer fallecido por Covid. Hoy tuvimos que pronar a otro pcte. Hoy el covid nos est√° ganando una batalla pero no nos va a ganar la guerra. Lo decreto.,es,[],[],ccaattittaa,1,2,0,"{'user_id': None, 'username': None}","['hoy', 'primer', 'fallecido', 'covid', 'hoy', 'pronar', 'pcte', 'hoy', 'covid', 'ganando', 'batalla', 'va', 'ganar', 'guerra', 'decreto']","['hoy', 'primer', 'fallecido', 'covir', 'hoy', 'pronar', 'pcte', 'hoy', 'covir', 'ganar', 'batalla', 'ir', 'ganar', 'guerra', 'decreto']"
1303900058241425408,1599708973000.0,2020-09-10 00:36:13,, https://t.co/V8af06MKW9   Ahora entiendo porque tapan los contagios en las plantas donde lo procesan ..... no les van a comorar salmones con covid !!! Jajaj @AguanteNatales @alexmunozw @LeticiaCaro6,es,[],[],AcueOficial,1,0,1,"{'user_id': None, 'username': None}","['ahora', 'entiendo', 'tapan', 'contagios', 'plantas', 'procesan', 'van', 'comorar', 'salmones', 'covid', 'jajaj']","['ahora', 'entender', 'tapan', 'contagio', 'planta', 'procesan', 'van', 'comorar', 'salm√≥n', 'covir', 'jajaj']"
1303812837681307656,1599688348000.0,2020-09-09 18:52:28,,"No soporto el doble est√°ndar por rrss, el pedir permisos qlaos para ""celebrar el 18"", el que sale sin importar la cuarentena..el que cree que es chistoso decir ""ay! Sal√≠ y quiz√°s tenga covid"" NO ES CHISTE.",es,[],[],fvsherrera_,1,0,0,"{'user_id': '68799538', 'username': 'fvsherrera_'}","['soporto', 'doble', 'est√°ndar', 'rrss', 'pedir', 'permisos', 'qlaos', 'celebrar', '18', 'sale', 'importar', 'cuarentena', 'cree', 'chistoso', 'decir', 'ay', 'sal√≠', 'quiz√°s', 'covid', 'chiste']","['soporto', 'doble', 'est√°ndar', 'rrss', 'pedir', 'permiso', 'qlaos', 'celebrar', '18', 'salir', 'importar', 'cuarentena', 'creer', 'chistoso', 'decir', 'ay', 'salir', 'quiz√°s', 'covir', 'chiste']"
1302310070437531650,1599329891000.0,2020-09-05 14:18:11,,"Fuera de toda broma. Encuentro que una soluci√≥n para el tema COVID en la regi√≥n ser√≠a la ley seca estricta. No nos hagamos los weones que el carrete ha seguido igual, solo que en casa.",es,[],[],Yomiz,1,0,0,"{'user_id': None, 'username': None}","['toda', 'broma', 'encuentro', 'soluci√≥n', 'tema', 'covid', 'regi√≥n', 'ley', 'seca', 'estricta', 'hagamos', 'weones', 'carrete', 'seguido', 'igual', 'solo', 'casa']","['todo', 'broma', 'encuentro', 'soluci√≥n', 'tema', 'covir', 'regi√≥n', 'ley', 'seco', 'estricta', 'hacer', 'weones', 'carrete', 'seguido', 'igual', 'solo', 'casa']"
1300496075334193152,1598897401000.0,2020-08-31 14:10:01,,"La otra semana se cumple un a√±o desde que me vine a Natales. Heavi, una vez me dijieron que yo era de esas personas que no podr√≠a vivir lejos y aqu√≠ estoy po. Claramente ser√≠a m√°s f√°cil sin el covid ctm, pero nos adaptamos siempre a las circunstancias üòÅ.",es,[],[],fvsherrera_,2,2,0,"{'user_id': None, 'username': None}","['semana', 'cumple', 'a√±o', 'vine', 'natales', 'heavi', 'vez', 'dijieron', 'personas', 'podr√≠a', 'vivir', 'lejos', 'aqu√≠', 'po', 'claramente', 'f√°cil', 'covid', 'ctm', 'adaptamos', 'siempre', 'circunstancias']","['semana', 'cumplir', 'a√±o', 'venir', 'natal', 'heavi', 'vez', 'dijieron', 'persona', 'podr√≠a', 'vivir', 'lejos', 'aqu√≠', 'po', 'claramente', 'f√°cil', 'covir', 'ctm', 'adaptar', 'siempre', 'circunstancias']"
1299091107540799489,1598562430000.0,2020-08-27 17:07:10,,"√öltimamente no* me paso por aqu√≠. Las cosas se han complicado much√≠simo en mi trabajo por un brote de covid entre trabajadores. Solo duermo y trabajo, pero se que todo valdr√° la pena.",es,[],[],ccaattittaa,0,0,0,"{'user_id': None, 'username': None}","['√∫ltimamente', 'paso', 'aqu√≠', 'cosas', 'complicado', 'much√≠simo', 'trabajo', 'brote', 'covid', 'trabajadores', 'solo', 'duermo', 'trabajo', 'valdr√°', 'pena']","['√∫ltimamente', 'paso', 'aqu√≠', 'cosa', 'complicado', 'much√≠simo', 'trabajo', 'brote', 'covir', 'trabajador', 'solo', 'duermo', 'trabajo', 'valer', 'pena']"
1294688729316163585,1597513165000.0,2020-08-15 13:39:25,,"Lean sobre la situaci√≥n de Europa y aunque no me gusta comparar, no estamos lejos de retroceder con toda esta irresponsabilidad que estamos tomando frente al sistema de covid.",es,[],[],fvsherrera_,1,0,0,"{'user_id': '68799538', 'username': 'fvsherrera_'}","['lean', 'situaci√≥n', 'europa', 'aunque', 'gusta', 'comparar', 'lejos', 'retroceder', 'toda', 'irresponsabilidad', 'tomando', 'frente', 'sistema', 'covid']","['leer', 'situaci√≥n', 'europa', 'aunque', 'gustar', 'comparar', 'lejos', 'retroceder', 'todo', 'irresponsabilidad', 'tomar', 'frente', 'sistema', 'covir']"
1294590260396068870,1597489345000.0,2020-08-15 07:02:25,,"La expansi√≥n Salmonera en tiempos de covid ha sido gigantesca, es una industria sin regulaci√≥n @MattyLL @LandeckH @LeticiaCaro6 @paloma_avila @paomolinave @salmonresearch",es,[],[],AcueOficial,7,0,11,"{'user_id': None, 'username': None}","['expansi√≥n', 'salmonera', 'tiempos', 'covid', 'sido', 'gigantesca', 'industria', 'regulaci√≥n', '_avila']","['expansi√≥n', 'salmonera', 'tiempo', 'covir', 'ser', 'gigantesca', 'industria', 'regulaci√≥n', '_']"
1292129090934386688,1596902556000.0,2020-08-08 12:02:36,,Chile lleg√≥ a las 10.011 fallecidos asociados por COVID -19.,es,[],[],ccaattittaa,0,1,0,"{'user_id': None, 'username': None}","['chile', 'lleg√≥', '10', '011', 'fallecidos', 'asociados', 'covid', '19']","['chile', 'llegar', '10', '011', 'fallecido', 'asociado', 'covir', '19']"
1291353141364101120,1596717555000.0,2020-08-06 08:39:15,,"#SonarInformativo @rafa_cavada que el alcalde Radonich no olvide a las pesqueras, donde han reaparecido los casos de covid-19 ...TODOS los casos...no por el comercio o porque uno vaya a ver a un familiar...que diga las cosas como son... #Puq #Magallanes",es,"['sonarinformativo', 'puq', 'magallanes']",[],Orchidyaldix,0,0,1,"{'user_id': None, 'username': None}","['sonarinformativo', '_cavada', 'alcalde', 'radonich', 'olvide', 'pesqueras', 'reaparecido', 'casos', 'covid', '19', 'casos', 'comercio', 'vaya', 'ver', 'familiar', 'diga', 'cosas', 'puq', 'magallanes']","['sonarinformativo', '_', 'alcalde', 'radonich', 'olvidar', 'pesqueras', 'reaparecido', 'caso', 'covir', '19', 'caso', 'comercio', 'ir', 'ver', 'familiar', 'decir', 'cosa', 'puq', 'magallanes']"
1288813688821026816,1596112103000.0,2020-07-30 08:28:23,,"Amanec√≠ pensando en que uno de los objetivos que debo lograr es viajar para septiembre, embriagarme y carretear por que obvio ya no habr√° covid.",es,[],[],fvsherrera_,1,2,0,"{'user_id': None, 'username': None}","['amanec√≠', 'pensando', 'objetivos', 'debo', 'lograr', 'viajar', 'septiembre', 'embriagarme', 'carretear', 'obvio', 'covid']","['amanec√≠', 'pensando', 'objetivo', 'debo', 'lograr', 'viajar', 'septiembre', 'embriagarme', 'carretear', 'obvio', 'covir']"
1288292505524539392,1595987843000.0,2020-07-28 21:57:23,,"Hoy volvemos a tener esperanza. Luego de un terrible brote, actualmente s√≥lo nos quedan 3 activos de Covid-19. Conf√≠o en que la gente de mi ciudad no fallar√°. Puta que nos merecemos llegar a 0.",es,[],[],ccaattittaa,4,0,0,"{'user_id': None, 'username': None}","['hoy', 'volvemos', 'tener', 'esperanza', 'luego', 'terrible', 'brote', 'actualmente', 's√≥lo', 'quedan', '3', 'activos', 'covid', '19', 'conf√≠o', 'gente', 'ciudad', 'fallar√°', 'puta', 'merecemos', 'llegar', '0']","['hoy', 'volvemos', 'tener', 'esperanza', 'luego', 'terrible', 'brote', 'actualmente', 's√≥lo', 'quedan', '3', 'activo', 'covir', '19', 'confiar', 'gente', 'ciudad', 'fallar', 'puta', 'merecer', 'llegar', '0']"
1285909661749850114,1595467436000.0,2020-07-22 21:23:56,,@SENADIS12 @GobiernodeChile No los llega nada de estos bonos de COVID o de emergencia,es,[],[],sonia501960,0,0,0,"{'user_id': '632074185', 'username': 'SENADIS12'}","['llega', 'bonos', 'covid', 'emergencia']","['llega', 'bono', 'covir', 'emergencia']"
1281797782911815681,1594439380000.0,2020-07-10 23:49:40,,Que implica que el pa√≠s siga con alerta sanitaria hasta feb 2021? Trabajo en hoteleria y quiero saber como nos afectaria a los de mi rubro... #COVID__19 #ayuda #soyignorante #hoteleria #turismo #alertasanitaria,es,"['covid__19', 'ayuda', 'soyignorante', 'hoteleria', 'turismo', 'alertasanitaria']",[],Orchidyaldix,0,0,0,"{'user_id': None, 'username': None}","['implica', 'pa√≠s', 'siga', 'alerta', 'sanitaria', 'feb', '2021', 'trabajo', 'hoteleria', 'quiero', 'saber', 'afectaria', 'rubro', 'covid__19', 'ayuda', 'soyignorante', 'hoteleria', 'turismo', 'alertasanitaria']","['implicar', 'pa√≠s', 'seguir', 'alerta', 'sanitaria', 'feb', '2021', 'trabajo', 'hoteleria', 'querer', 'saber', 'afectaria', 'rubro', 'covid__19', 'ayuda', 'soyignorante', 'hoteleria', 'turismo', 'alertasanitaria']"
1278868580789112832,1593779472000.0,2020-07-03 08:31:12,,"@ginniasa @VamosFueguinos @CHVNoticias @UmagSustentable @umagallanes @Sepulinares @GuiasNatales @ScacMagallanes A los salmones no les pasa nada con estas temperaturas, estamos m√°s preocupados por los brotes de covid en plantas procesadoras de salm√≥n y el muelle, lamentablemente el modus operandi de este gobierno es tapar, tapar y no transparentar üòèü§¶‚Äç‚ôÇÔ∏è",es,[],[],AcueOficial,1,0,1,"{'user_id': '77748386', 'username': 'oFaIabeIlaAyda'}","['salmones', 'pasa', 'temperaturas', 'preocupados', 'brotes', 'covid', 'plantas', 'procesadoras', 'salm√≥n', 'muelle', 'lamentablemente', 'modus', 'operandi', 'gobierno', 'tapar', 'tapar', 'transparentar']","['salm√≥n', 'pasa', 'temperatura', 'preocupado', 'brote', 'covir', 'planta', 'procesador', 'salm√≥n', 'muelle', 'lamentablemente', 'modus', 'operandi', 'gobierno', 'tapar', 'tapar', 'transparentar']"
1277608363296260097,1593652760000.0,2020-07-01 21:19:20,,"@Pgahonav @DefendamsChiloe @perez_mallea @blumar_seafoods @CarolaSchmidtZ @MmaLagos @MMAChile @PDI_CHILE @GreenpeaceCL @TerramChile @FIMA_Chile @ECOCEANOS @DMatamala @OceanaChile @Juaneduardoconc @LandeckH @TSCobquecura @TodosPescamos @abernales @ElHuemulDiario Sabe usted cu√°l es el √∫nico lugar en Chile donde los ni√±os ya volvieron al colegio porque ya no tienen Covid en la ciudad ? Es un lugar donde no existe ni la industria Salmonera ,ni minera , ni forestal. Donde las personas viven del turismo.",es,[],[],AcueOficial,0,1,0,"{'user_id': '155025352', 'username': 'Pgahonav'}","['_mallea', '_seafoods', '_chile', '_chile', 'sabe', 'usted', 'cu√°l', '√∫nico', 'lugar', 'chile', 'ni√±os', 'volvieron', 'colegio', 'covid', 'ciudad', 'lugar', 'existe', 'industria', 'salmonera', 'minera', 'forestal', 'personas', 'viven', 'turismo']","['_', '_', '_', '_', 'saber', 'usted', 'cu√°l', '√∫nico', 'lugar', 'chile', 'ni√±o', 'volver', 'colegio', 'covir', 'ciudad', 'lugar', 'exir', 'industria', 'salmonera', 'minero', 'forestal', 'persona', 'viven', 'turismo']"
1278469744132272130,1593645914000.0,2020-07-01 19:25:14,,"Se mantienen 23 casos activos de Covid-19 en Pto. Natales de acuerdo al √∫ltimo informe entregado por Paulina Barrientos,  de la oficina de la  Seremi de Salud Provincial. Adem√°s hay 35 resultados de an√°lisis pendientes.Por otro lado, se le dio..  https://t.co/Ks9bhmpiha  https://t.co/2Vqhrm7fFc",es,[],[],tirapiedras2020,1,0,3,"{'user_id': None, 'username': None}","['mantienen', '23', 'casos', 'activos', 'covid', '19', 'pto', 'natales', 'acuerdo', '√∫ltimo', 'informe', 'entregado', 'paulina', 'barrientos', 'oficina', 'seremi', 'salud', 'provincial', 'adem√°s', '35', 'resultados', 'an√°lisis', 'pendientes', 'lado', 'dio']","['mantienen', '23', 'caso', 'activo', 'covir', '19', 'pto', 'natal', 'acuerdo', '√∫ltimo', 'informe', 'entregado', 'paulina', 'barrientos', 'oficina', 'seremi', 'salud', 'provincial', 'adem√°s', '35', 'resultado', 'an√°lisis', 'pendiente', 'lado', 'dar']"
1277918362891431941,1593514454000.0,2020-06-30 06:54:14,,"Salmones llenos de antibi√≥ticos , piojentos y depredadores , protegidos por un gobierno criminal!! No solo contamina nuestras aguas , ahora contamina nuestra gente trayendo el covid 19 a Puerto Natales !ü§¨",es,[],[],AcueOficial,0,0,0,"{'user_id': None, 'username': None}","['salmones', 'llenos', 'antibi√≥ticos', 'piojentos', 'depredadores', 'protegidos', 'gobierno', 'criminal', 'solo', 'contamina', 'aguas', 'ahora', 'contamina', 'gente', 'trayendo', 'covid', '19', 'puerto', 'natales']","['salm√≥n', 'llenos', 'antibi√≥tico', 'piojentos', 'depredador', 'protegido', 'gobierno', 'criminal', 'solo', 'contamina', 'agua', 'ahora', 'contamina', 'gente', 'traer', 'covir', '19', 'puerto', 'natal']"
1277063942704111616,1593311091000.0,2020-06-27 22:24:51,,"@24HorasTVN Les contaron tambi√©n que tenemos 4 brotes de covid 19 ?   Una pesquera , una Salmonera , un muelle y la construcci√≥n de una planta...... 18 confirmados hace 2 d√≠as , 16 hoy pero no lo han publicado , muuuuchos en cuarentena ......... esto es GRAVE !!! @SenadorBianchi",es,[],[],AcueOficial,2,0,0,"{'user_id': '90227660', 'username': '24HorasTVN'}","['contaron', '4', 'brotes', 'covid', '19', 'pesquera', 'salmonera', 'muelle', 'construcci√≥n', 'planta', '18', 'confirmados', 'hace', '2', 'd√≠as', '16', 'hoy', 'publicado', 'muuuuchos', 'cuarentena', 'grave']","['contar', '4', 'brote', 'covir', '19', 'pesquera', 'salmonera', 'muelle', 'construcci√≥n', 'planta', '18', 'confirmado', 'hace', '2', 'd√≠a', '16', 'hoy', 'publicado', 'muuuuchos', 'cuarentena', 'grave']"
1274149247085142016,1592615827000.0,2020-06-19 21:17:07,,"LO LOGRAMOS.   Hoy, dieron de alta m√©dica al √∫ltimo Pcte COVID-19 + de mi ciudad.   Orgullosa de mi gente y Mi Pueblo. üíï",es,[],[],ccaattittaa,11,3,0,"{'user_id': None, 'username': None}","['logramos', 'hoy', 'dieron', 'alta', 'm√©dica', '√∫ltimo', 'pcte', 'covid', '19', 'ciudad', 'orgullosa', 'gente', 'pueblo']","['lograr', 'hoy', 'dar', 'alto', 'm√©dico', '√∫ltimo', 'pcte', 'covir', '19', 'ciudad', 'orgulloso', 'gente', 'pueblo']"
1274061627957161985,1592594937000.0,2020-06-19 15:28:57,,Totalmente de acuerdo! Basta de vender humo y pucha que son buenos algunos (como el gobierno) para eso cuando les conviene. @colmedchile @izkia #coronavirus #RubenIbarra,es,"['coronavirus', 'rubenibarra']",[],PelaoEdo,0,0,0,"{'user_id': None, 'username': None}","['totalmente', 'acuerdo', 'basta', 'vender', 'humo', 'pucha', 'buenos', 'gobierno', 'conviene', 'coronavirus', 'rubenibarra']","['totalmente', 'acuerdo', 'bastar', 'vender', 'humo', 'puchar', 'bueno', 'gobierno', 'convenir', 'coronavirus', 'rubenibarra']"
1273425931735117825,1592443375000.0,2020-06-17 21:22:55,,Y otra buena noticia. En mi ciudad solo nos queda 1 caso positivo de COVID el cual pronto ya estar√° de alta luego del PCR de salida.   No me cae en el pecho tanto orgullo por mi gente. Lo entendimos todo. üôåüèª‚ù§Ô∏è,es,[],[],ccaattittaa,11,1,0,"{'user_id': None, 'username': None}","['buena', 'noticia', 'ciudad', 'solo', 'queda', '1', 'caso', 'positivo', 'covid', 'pronto', 'alta', 'luego', 'pcr', 'salida', 'cae', 'pecho', 'orgullo', 'gente', 'entendimos']","['bueno', 'noticia', 'ciudad', 'solo', 'quedar', '1', 'caso', 'positivo', 'covir', 'pronto', 'alto', 'luego', 'pcr', 'salida', 'caer', 'pecho', 'orgullo', 'gente', 'entendimos']"
1263143016698720262,1589991737000.0,2020-05-20 12:22:17,,Es decir tomaremos menos PCR. Quieren bajar la cantidad y la positividad del examen. Nos quedar√° mirar la curva de ocupaci√≥n en cama UCI y cantidad de muertos. #Covid_19 #COVID19 @colmedchile,es,"['covid_19', 'covid19']",[],PelaoEdo,1,0,0,"{'user_id': None, 'username': None}","['decir', 'tomaremos', 'menos', 'pcr', 'quieren', 'bajar', 'cantidad', 'positividad', 'examen', 'quedar√°', 'mirar', 'curva', 'ocupaci√≥n', 'cama', 'uci', 'cantidad', 'muertos', 'covid_19', 'covid19']","['decir', 'tomar', 'menos', 'pcr', 'quieren', 'bajar', 'cantidad', 'positividad', 'examen', 'quedar', 'mirar', 'curva', 'ocupaci√≥n', 'cama', 'uci', 'cantidad', 'muerto', 'covid_19', 'covid19']"
1260971954632306694,1589565932000.0,2020-05-15 14:05:32,,"@LUISPATCL @MariaAL89098490 @CocolisoDelSur Si y √©l director del hospital dijo que jamas hubo camillas con personas fallecidas en esos pasillos y que de ellos , solo 5 eran covid ü§∑üèº‚Äç‚ôÇÔ∏èü§¶‚Äç‚ôÇÔ∏è!! Cuek !!!",es,[],[],AcueOficial,0,1,0,"{'user_id': '73234442', 'username': 'LUISPATCL'}","['si', 'director', 'hospital', 'dijo', 'jamas', 'camillas', 'personas', 'fallecidas', 'pasillos', 'solo', '5', 'covid', 'cuek']","['si', 'director', 'hospital', 'decir', 'jamas', 'camilla', 'persona', 'fallecido', 'pasillo', 'solo', '5', 'covir', 'cuek']"
1261156484836208641,1589519117000.0,2020-05-15 01:05:17,,"@Jaimetalero No , es una circular de ahora , a prop√≥sito del covid y la vi .",es,[],[],AcueOficial,0,0,0,"{'user_id': '89603386', 'username': 'Jaimetalero'}","['circular', 'ahora', 'prop√≥sito', 'covid', 'vi']","['circular', 'ahora', 'prop√≥sito', 'covir', 'ver']"
1260226815169302529,1589305036000.0,2020-05-12 13:37:16,,"@plamozak @miguelpml1974 @alejandramatus Pero claro que es importante ‚Äúel peque√±o detalle de que tenia covid ‚Äú , de no haberse contagiado y sin enfermedad de base habr√≠a muerto de un infarto ??",es,[],[],AcueOficial,0,0,0,"{'user_id': '52332942', 'username': 'plamozak'}","['claro', 'importante', 'peque√±o', 'detalle', 'tenia', 'covid', 'haberse', 'contagiado', 'enfermedad', 'base', 'muerto', 'infarto']","['claro', 'importante', 'peque√±o', 'detalle', 'tenia', 'covir', 'haberse', 'contagiado', 'enfermedad', 'base', 'muerto', 'infarto']"
1259857740475904001,1589208467000.0,2020-05-11 10:47:47,,"Reporte covid:  - El ego del ministro sigue subiendo. - Nos mantenemos sobre los 1000 Covid+ diarios.  - Queda claro que hay ventiladores, no sabemos para qui√©n, ni d√≥nde. #Covid_19",es,['covid_19'],[],PelaoEdo,4,0,1,"{'user_id': None, 'username': None}","['reporte', 'covid', 'ego', 'ministro', 'sigue', 'subiendo', 'mantenemos', '1000', 'covid', 'diarios', 'queda', 'claro', 'ventiladores', 'sabemos', 'qui√©n', 'd√≥nde', 'covid_19']","['reporte', 'covir', 'ego', 'ministro', 'seguir', 'subir', 'mantener', '1000', 'covir', 'diario', 'quedar', 'claro', 'ventilador', 'saber', 'qui√©n', 'd√≥nde', 'covid_19']"
1255100483854831616,1588074248000.0,2020-04-28 07:44:08,, https://t.co/iuTBlYUSpN  ‚ÄúSUBDIRECTORA M√âDICA DEL HOSPITAL CL√çNICO SE ENCUENTRA GRAVE PRODUCTO DE NEUMON√çA POR COVID-19‚Äù @jmanalich porqu√© miente ?? Hay 88 personas de Salud contagiadas en Magallanes !! @elmostrador @LandeckH @tv_monica @DMatamala @MMAMagallanes,es,[],[],AcueOficial,0,0,0,"{'user_id': None, 'username': None}","['subdirectora', 'm√©dica', 'hospital', 'cl√≠nico', 'encuentra', 'grave', 'producto', 'neumon√≠a', 'covid', '19', 'porqu√©', 'miente', '88', 'personas', 'salud', 'contagiadas', 'magallanes', '_monica']","['subdirectora', 'm√©dico', 'hospital', 'cl√≠nico', 'encontrar', 'grave', 'producto', 'neumon√≠a', 'covir', '19', 'porqu√©', 'miente', '88', 'persona', 'salud', 'contagiado', 'magallanes', '_']"
1252528243363717121,1587460978000.0,2020-04-21 05:22:58,,@borasp buen d√≠a para ustedes saludos desde la Patagonia chilena . Viajo siempre para Brasil m√°s tuve que cambiar mi viaje por el covid 19.,es,[],[],angel_gallard,0,0,0,"{'user_id': '1131244624004165634', 'username': 'borasp'}","['buen', 'd√≠a', 'ustedes', 'saludos', 'patagonia', 'chilena', 'viajo', 'siempre', 'brasil', 'cambiar', 'viaje', 'covid', '19']","['buen', 'd√≠a', 'ustedes', 'saludo', 'patagonia', 'chileno', 'viajar', 'siempre', 'brasil', 'cambiar', 'viaje', 'covir', '19']"
1250987453541908480,1587093625000.0,2020-04-16 23:20:25,"{'type': 'Point', 'coordinates': [-52.48278022, -74.53125]}","Hace casi 4 semanas atr√°s y solo un par de d√≠as antes que comenzara todo el boom del Covid-19 en Chile, estuvimos en Parque Tagua Tagua y Frutillar celebrando nuestro primer aniversario de matrimonio ‚ù§Ô∏è Fuimos‚Ä¶  https://t.co/Xm61Ycr6PF",es,[],[],sebauri,0,0,0,"{'user_id': None, 'username': None}","['hace', 'casi', '4', 'semanas', 'atr√°s', 'solo', 'par', 'd√≠as', 'comenzara', 'boom', 'covid', '19', 'chile', 'parque', 'tagua', 'tagua', 'frutillar', 'celebrando', 'primer', 'aniversario', 'matrimonio']","['hace', 'casi', '4', 'semana', 'atr√°s', 'solo', 'par', 'd√≠a', 'comenzara', 'boom', 'covir', '19', 'chile', 'parque', 'tagua', 'tagua', 'frutillar', 'celebrar', 'primer', 'aniversario', 'matrimonio']"
1250787658617552896,1587045990000.0,2020-04-16 10:06:30,,"Estoy con licencia desde el 09 de enero y cada vez que es invitado dice lo mismo , desde el estallido social y ahora el covid 19 , se demoran y se demoran Sebastian Serches podr√≠a ser animador bla bla bla",es,[],[],billirusblis,0,0,0,"{'user_id': None, 'username': None}","['licencia', '09', 'enero', 'cada', 'vez', 'invitado', 'dice', 'mismo', 'estallido', 'social', 'ahora', 'covid', '19', 'demoran', 'demoran', 'sebastian', 'serches', 'podr√≠a', 'ser', 'animador', 'bla', 'bla', 'bla']","['licencia', '09', 'enero', 'cada', 'vez', 'invitado', 'decir', 'mismo', 'estallido', 'social', 'ahora', 'covir', '19', 'demoran', 'demoran', 'sebastian', 'serches', 'podr√≠a', 'ser', 'animador', 'bla', 'bla', 'bla']"
1246123092394508288,1585933871000.0,2020-04-03 14:11:11,,"El Presidente de la AChM, @fdoparedes, Alcalde de @puerto_natales, realiza reporte de la ""Mesa Social Covid-19"" ""planteamos la necesidad de aliviar las arcas municipales y el Ministro @gblumel se comprometi√≥ a realizar anuncios importantes para potenciar los ingresos municipales""  https://t.co/9fjvrmURTy",es,[],[],AChMChile,19,1,23,"{'user_id': None, 'username': None}","['presidente', 'achm', 'alcalde', '_natales', 'realiza', 'reporte', 'mesa', 'social', 'covid', '19', 'planteamos', 'necesidad', 'aliviar', 'arcas', 'municipales', 'ministro', 'comprometi√≥', 'realizar', 'anuncios', 'importantes', 'potenciar', 'ingresos', 'municipales']","['presidente', 'achm', 'alcalde', '_', 'realizar', 'reporte', 'mesa', 'social', 'covir', '19', 'plantear', 'necesidad', 'aliviar', 'arca', 'municipal', 'ministro', 'comprometer', 'realizar', 'anuncio', 'importante', 'potenciar', 'ingreso', 'municipal']"
1246114064662740994,1585931719000.0,2020-04-03 13:35:19,,"Cuarentena y coronavirus en Puerto Natales: ""Hay un p√°nico generalizado""  https://t.co/Xl60IPKlFc v√≠a @revista_paula",es,[],[],jlagosespinoza,0,0,0,"{'user_id': None, 'username': None}","['cuarentena', 'coronavirus', 'puerto', 'natales', 'p√°nico', 'generalizado', 'v√≠a', '_paula']","['cuarentena', 'coronavirus', 'puerto', 'natal', 'p√°nico', 'generalizado', 'v√≠a', '_']"
1241350922560733184,1584797244000.0,2020-03-21 10:27:24,,"@LandeckH El uso de altas dosis de antibi√≥ticos en salmones no solo afecta los ecosistemas, tb genera resistencia antibi√≥tica, pregunta , las personas con #Covid_19 que derivaron en neumon√≠a son tratados con antibi√≥ticos ??",es,['covid_19'],[],AcueOficial,0,1,2,"{'user_id': '511395850', 'username': 'LandeckH'}","['uso', 'altas', 'dosis', 'antibi√≥ticos', 'salmones', 'solo', 'afecta', 'ecosistemas', 'tb', 'genera', 'resistencia', 'antibi√≥tica', 'pregunta', 'personas', 'covid_19', 'derivaron', 'neumon√≠a', 'tratados', 'antibi√≥ticos']","['uso', 'alto', 'dosis', 'antibi√≥tico', 'salm√≥n', 'solo', 'afectar', 'ecosistema', 'tb', 'generar', 'resistencia', 'antibi√≥tico', 'pregunta', 'persona', 'covid_19', 'derivar', 'neumon√≠a', 'tratado', 'antibi√≥tico']"
1241072529894182919,1584729723000.0,2020-03-20 15:42:03,,"Como dijo @izkia @colmedchile ‚Äúexisten problemas relevantes de saturaci√≥n de la capacidad diagn√≥stica y que no se est√°n aplicando los protocolos que mandatados por autoridad sanitaria, no por desacato sino por problemas de implementaci√≥n"" #CuarentenaTotal #Covid_19",es,"['cuarentenatotal', 'covid_19']",[],PelaoEdo,2,0,0,"{'user_id': None, 'username': None}","['dijo', 'existen', 'problemas', 'relevantes', 'saturaci√≥n', 'capacidad', 'diagn√≥stica', 'aplicando', 'protocolos', 'mandatados', 'autoridad', 'sanitaria', 'desacato', 'sino', 'problemas', 'implementaci√≥n', 'cuarentenatotal', 'covid_19']","['decir', 'existen', 'problema', 'relevante', 'saturaci√≥n', 'capacidad', 'diagn√≥stica', 'aplicar', 'protocolo', 'mandatados', 'autoridad', 'sanitaria', 'desacato', 'sino', 'problema', 'implementaci√≥n', 'cuarentenatotal', 'covid_19']"
1240306503208370176,1584547088000.0,2020-03-18 12:58:08,,"Lo parad√≥jico de todo esto, que el mundo e incluso la iglesia est√° m√°s preocupada de el COVID-19 , que de Su Salvaci√≥n! ü§∑üèΩ‚Äç‚ôÄÔ∏è  Se prudente sin dejar de...   Estudiar Vivir Predicar   La palabra De Dios",es,[],[],RoditAaaa,5,0,0,"{'user_id': None, 'username': None}","['parad√≥jico', 'mundo', 'incluso', 'iglesia', 'preocupada', 'covid', '19', 'salvaci√≥n', 'prudente', 'dejar', 'estudiar', 'vivir', 'predicar', 'palabra', 'dios']","['parad√≥jico', 'mundo', 'incluso', 'iglesia', 'preocupado', 'covir', '19', 'salvaci√≥n', 'prudente', 'dejar', 'estudiar', 'vivir', 'predicar', 'palabra', 'dios']"
1239978845350043649,1584468969000.0,2020-03-17 15:16:09,,"Ahora entiendo a la veterana cuando nos echaba mostaza en los pies cuando chicos, era para est√° pandemia, coronavirus te paseamos üòé",es,[],[],Cris_Black11,1,1,0,"{'user_id': None, 'username': None}","['ahora', 'entiendo', 'veterana', 'echaba', 'mostaza', 'pies', 'chicos', 'pandemia', 'coronavirus', 'paseamos']","['ahora', 'entender', 'veterana', 'echaba', 'mostaza', 'pies', 'chico', 'pandemia', 'coronavirus', 'pasear']"
1239373484553363456,1584324639000.0,2020-03-15 23:10:39,,Una de las tantas razones para tener un sistema √∫nico de salud. Comentario a parte es la falta de coordinaci√≥n del @ministeriosalud #Covid_19 #CoronavirusChile,es,"['covid_19', 'coronaviruschile']",[],PelaoEdo,3,0,2,"{'user_id': None, 'username': None}","['tantas', 'razones', 'tener', 'sistema', '√∫nico', 'salud', 'comentario', 'parte', 'falta', 'coordinaci√≥n', 'covid_19', 'coronaviruschile']","['tanto', 'raz√≥n', 'tener', 'sistema', '√∫nico', 'salud', 'comentario', 'parte', 'falta', 'coordinaci√≥n', 'covid_19', 'coronaviruschile']"
1238138810703233030,1584030270000.0,2020-03-12 13:24:30,,Los 33 contagiados est√°n hospitalizados? El subsecretario anuncia la apertura de hospitales de manera anticipada. #Covid_19,es,['covid_19'],[],PelaoEdo,0,0,0,"{'user_id': None, 'username': None}","['33', 'contagiados', 'hospitalizados', 'subsecretario', 'anuncia', 'apertura', 'hospitales', 'manera', 'anticipada', 'covid_19']","['33', 'contagiado', 'hospitalizado', 'subsecretario', 'anunciar', 'apertura', 'hospital', 'manera', 'anticipado', 'covid_19']"
1234980116628815873,1583277179000.0,2020-03-03 20:12:59,,Le cobraron las 20 lucas al paciente? #coronavirus,es,['coronavirus'],[],Nelsonrtt,0,0,0,"{'user_id': None, 'username': None}","['cobraron', '20', 'lucas', 'paciente', 'coronavirus']","['cobrar', '20', 'lucas', 'paciente', 'coronavirus']"
